PassengerId,Survived,Pclass,Sex,Age,SibSp,Parch,Fare,Embarked,Title,FamilySize,TicketCount,Cabin_Area
1,0,3,male,22.0,1,0,7.25,S,Mr,2,unique,X
2,1,1,female,38.0,1,0,71.2833,C,Mrs,2,unique,C
3,1,3,female,26.0,0,0,7.925,S,Miss,1,unique,X
4,1,1,female,35.0,1,0,53.1,S,Mrs,2,share,C
5,0,3,male,35.0,0,0,8.05,S,Mr,1,unique,X
6,0,3,male,8.922281579307274,0,0,8.4583,Q,Mr,1,unique,X
7,0,1,male,54.0,0,0,51.8625,S,Mr,1,unique,E
8,0,3,male,2.0,3,1,21.075,S,Master,5,share,X
9,1,3,female,27.0,0,2,11.1333,S,Mrs,3,share,X
10,1,2,female,14.0,1,0,30.0708,C,Mrs,2,share,X
11,1,3,female,4.0,1,1,16.7,S,Miss,3,share,G
12,1,1,female,58.0,0,0,26.55,S,Miss,1,unique,C
13,0,3,male,20.0,0,0,8.05,S,Mr,1,unique,X
14,0,3,male,39.0,1,5,31.275,S,Mr,7,share,X
15,0,3,female,14.0,0,0,7.8542,S,Miss,1,unique,X
16,1,2,female,55.0,0,0,16.0,S,Mrs,1,unique,X
17,0,3,male,2.0,4,1,29.125,Q,Master,6,share,X
18,1,2,male,9.8596710121812,0,0,13.0,S,Mr,1,unique,X
19,0,3,female,31.0,1,0,18.0,S,Mrs,2,unique,X
20,1,3,female,8.54606083479978,0,0,7.225,C,Mrs,1,unique,X
21,0,2,male,35.0,0,0,26.0,S,Mr,1,share,X
22,1,2,male,34.0,0,0,13.0,S,Mr,1,unique,D
23,1,3,female,15.0,0,0,8.0292,Q,Miss,1,unique,X
24,1,1,male,28.0,0,0,35.5,S,Mr,1,unique,A
25,0,3,female,8.0,3,1,21.075,S,Miss,5,share,X
26,1,3,female,38.0,1,5,31.3875,S,Mrs,7,share,X
27,0,3,male,9.021111715023741,0,0,7.225,C,Mr,1,unique,X
28,0,1,male,19.0,3,2,263.0,S,Mr,6,share,C
29,1,3,female,8.454940110225149,0,0,7.8792,Q,Miss,1,unique,X
30,0,3,male,9.039047928578592,0,0,7.8958,S,Mr,1,unique,X
31,0,1,male,40.0,0,0,27.7208,C,Sir,1,unique,X
32,1,1,female,10.496413255029498,1,0,146.5208,C,Mrs,2,share,B
33,1,3,female,8.441332563687816,0,0,7.75,Q,Miss,1,unique,X
34,0,2,male,66.0,0,0,10.5,S,Mr,1,unique,X
35,0,1,male,28.0,1,0,82.1708,C,Mr,2,share,X
36,0,1,male,42.0,1,0,52.0,S,Mr,2,share,X
37,1,3,male,9.021111715023741,0,0,7.2292,C,Mr,1,unique,X
38,0,3,male,21.0,0,0,8.05,S,Mr,1,unique,X
39,0,3,female,18.0,2,0,18.0,S,Miss,3,share,X
40,1,3,female,14.0,1,0,11.2417,C,Miss,2,share,X
41,0,3,female,40.0,1,0,9.475,S,Mrs,2,unique,X
42,0,2,female,27.0,1,0,21.0,S,Mrs,2,share,X
43,0,3,male,9.003130761419937,0,0,7.8958,C,Mr,1,unique,X
44,1,2,female,3.0,1,2,41.5792,C,Miss,4,share,X
45,1,3,female,19.0,0,0,7.8792,Q,Miss,1,unique,X
46,0,3,male,9.05388702296441,0,0,8.05,S,Mr,1,unique,X
47,0,3,male,8.818486716542346,1,0,15.5,Q,Mr,2,unique,X
48,1,3,female,8.441332563687816,0,0,7.75,Q,Miss,1,unique,X
49,0,3,male,8.273273865495105,2,0,21.6792,C,Mr,3,unique,X
50,0,3,female,18.0,1,0,17.8,S,Mrs,2,share,X
51,0,3,male,7.0,4,1,39.6875,S,Master,6,share,X
52,0,3,male,21.0,0,0,7.8,S,Mr,1,unique,X
53,1,1,female,49.0,1,0,76.7292,C,Mrs,2,share,D
54,1,2,female,29.0,1,0,26.0,S,Mrs,2,unique,X
55,0,1,male,65.0,0,1,61.9792,C,Mr,2,unique,B
56,1,1,male,10.895125097197399,0,0,35.5,S,Mr,1,unique,C
57,1,2,female,21.0,0,0,10.5,S,Miss,1,unique,X
58,0,3,male,28.5,0,0,7.2292,C,Mr,1,unique,X
59,1,2,female,5.0,1,2,27.75,S,Miss,4,share,X
60,0,3,male,11.0,5,2,46.9,S,Master,8,share,X
61,0,3,male,22.0,0,0,7.2292,C,Mr,1,unique,X
62,1,1,female,38.0,0,0,80.0,C,Miss,1,share,B
63,0,1,male,45.0,1,0,83.475,S,Mr,2,share,C
64,0,3,male,4.0,3,2,27.9,S,Master,6,share,X
65,0,1,male,10.877952455907836,0,0,27.7208,C,Mr,1,unique,X
66,1,3,male,8.18284668302142,1,1,15.2458,C,Master,3,share,X
67,1,2,female,29.0,0,0,10.5,S,Mrs,1,unique,F
68,0,3,male,19.0,0,0,8.1583,S,Mr,1,unique,X
69,1,3,female,17.0,4,2,7.925,S,Miss,7,unique,X
70,0,3,male,26.0,2,0,8.6625,S,Mr,3,unique,X
71,0,2,male,32.0,0,0,10.5,S,Mr,1,unique,X
72,0,3,female,16.0,5,2,46.9,S,Miss,8,share,X
73,0,2,male,21.0,0,0,73.5,S,Mr,1,share,X
74,0,3,male,26.0,1,0,14.4542,C,Mr,2,unique,X
75,1,3,male,32.0,0,0,56.4958,S,Mr,1,share,X
76,0,3,male,25.0,0,0,7.65,S,Mr,1,unique,F
77,0,3,male,9.039047928578592,0,0,7.8958,S,Mr,1,unique,X
78,0,3,male,9.05388702296441,0,0,8.05,S,Mr,1,unique,X
79,1,2,male,0.83,0,2,29.0,S,Master,3,share,X
80,1,3,female,30.0,0,0,12.475,S,Miss,1,share,X
81,0,3,male,22.0,0,0,9.0,S,Mr,1,unique,X
82,1,3,male,29.0,0,0,9.5,S,Mr,1,unique,X
83,1,3,female,8.431705942585712,0,0,7.7875,Q,Miss,1,unique,X
84,0,1,male,28.0,0,0,47.1,S,Mr,1,unique,X
85,1,2,female,17.0,0,0,10.5,S,Miss,1,unique,X
86,1,3,female,33.0,3,0,15.85,S,Mrs,4,share,X
87,0,3,male,16.0,1,3,34.375,S,Mr,5,share,X
88,0,3,male,9.05388702296441,0,0,8.05,S,Mr,1,unique,X
89,1,1,female,23.0,3,2,263.0,S,Miss,6,share,C
90,0,3,male,24.0,0,0,8.05,S,Mr,1,unique,X
91,0,3,male,29.0,0,0,8.05,S,Mr,1,unique,X
92,0,3,male,20.0,0,0,7.8542,S,Mr,1,unique,X
93,0,1,male,46.0,1,0,61.175,S,Mr,2,unique,E
94,0,3,male,26.0,1,2,20.575,S,Mr,4,share,X
95,0,3,male,59.0,0,0,7.25,S,Mr,1,unique,X
96,0,3,male,9.05388702296441,0,0,8.05,S,Mr,1,unique,X
97,0,1,male,71.0,0,0,34.6542,C,Mr,1,unique,A
98,1,1,male,23.0,0,1,63.3583,C,Mr,2,unique,D
99,1,2,female,34.0,0,1,23.0,S,Mrs,2,share,X
100,0,2,male,34.0,1,0,26.0,S,Mr,2,share,X
101,0,3,female,28.0,0,0,7.8958,S,Miss,1,unique,X
102,0,3,male,9.039047928578592,0,0,7.8958,S,Mr,1,unique,X
103,0,1,male,21.0,0,1,77.2875,S,Mr,2,share,D
104,0,3,male,33.0,0,0,8.6542,S,Mr,1,unique,X
105,0,3,male,37.0,2,0,7.925,S,Mr,3,unique,X
106,0,3,male,28.0,0,0,7.8958,S,Mr,1,unique,X
107,1,3,female,21.0,0,0,7.65,S,Miss,1,unique,X
108,1,3,male,9.057028882182395,0,0,7.775,S,Mr,1,unique,X
109,0,3,male,38.0,0,0,7.8958,S,Mr,1,unique,X
110,1,3,female,8.519389591819657,1,0,24.15,Q,Miss,2,share,X
111,0,1,male,47.0,0,0,52.0,S,Mr,1,share,C
112,0,3,female,14.5,1,0,14.4542,C,Miss,2,share,X
113,0,3,male,22.0,0,0,8.05,S,Mr,1,unique,X
114,0,3,female,20.0,1,0,9.825,S,Miss,2,unique,X
115,0,3,female,17.0,0,0,14.4583,C,Miss,1,share,X
116,0,3,male,21.0,0,0,7.925,S,Mr,1,unique,X
117,0,3,male,70.5,0,0,7.75,Q,Mr,1,unique,X
118,0,2,male,29.0,1,0,21.0,S,Mr,2,share,X
119,0,1,male,24.0,0,1,247.5208,C,Mr,2,share,B
120,0,3,female,2.0,4,2,31.275,S,Miss,7,share,X
121,0,2,male,21.0,2,0,73.5,S,Mr,3,share,X
122,0,3,male,9.05388702296441,0,0,8.05,S,Mr,1,unique,X
123,0,2,male,32.5,1,0,30.0708,C,Mr,2,share,X
124,1,2,female,32.5,0,0,13.0,S,Miss,1,unique,E
125,0,1,male,54.0,0,1,77.2875,S,Mr,2,share,D
126,1,3,male,12.0,1,0,11.2417,C,Master,2,share,X
127,0,3,male,8.916383443911776,0,0,7.75,Q,Mr,1,unique,X
128,1,3,male,24.0,0,0,7.1417,S,Mr,1,unique,X
129,1,3,female,7.912523076563563,1,1,22.3583,C,Miss,3,share,F
130,0,3,male,45.0,0,0,6.975,S,Mr,1,unique,X
131,0,3,male,33.0,0,0,7.8958,C,Mr,1,unique,X
132,0,3,male,20.0,0,0,7.05,S,Mr,1,unique,X
133,0,3,female,47.0,1,0,14.5,S,Mrs,2,unique,X
134,1,2,female,29.0,1,0,26.0,S,Mrs,2,unique,X
135,0,2,male,25.0,0,0,13.0,S,Mr,1,unique,X
136,0,2,male,23.0,0,0,15.0458,C,Mr,1,unique,X
137,1,1,female,19.0,0,2,26.2833,S,Miss,3,unique,D
138,0,1,male,37.0,1,0,53.1,S,Mr,2,share,C
139,0,3,male,16.0,0,0,9.2167,S,Mr,1,share,X
140,0,1,male,24.0,0,0,79.2,C,Mr,1,share,B
141,0,3,female,7.742393924053461,0,2,15.2458,C,Mrs,3,share,X
142,1,3,female,22.0,0,0,7.75,S,Miss,1,unique,X
143,1,3,female,24.0,1,0,15.85,S,Mrs,2,share,X
144,0,3,male,19.0,0,0,6.75,Q,Mr,1,unique,X
145,0,2,male,18.0,0,0,11.5,S,Mr,1,unique,X
146,0,2,male,19.0,1,1,36.75,S,Mr,3,share,X
147,1,3,male,27.0,0,0,7.7958,S,Mr,1,unique,X
148,0,3,female,9.0,2,2,34.375,S,Miss,5,share,X
149,0,2,male,36.5,0,2,26.0,S,Mr,3,share,F
150,0,2,male,42.0,0,0,13.0,S,Rev,1,unique,X
151,0,2,male,51.0,0,0,12.525,S,Rev,1,unique,X
152,1,1,female,22.0,1,0,66.6,S,Mrs,2,share,C
153,0,3,male,55.5,0,0,8.05,S,Mr,1,unique,X
154,0,3,male,40.5,0,2,14.5,S,Mr,3,unique,X
155,0,3,male,9.057028882182395,0,0,7.3125,S,Mr,1,unique,X
156,0,1,male,51.0,0,1,61.3792,C,Mr,2,unique,X
157,1,3,female,16.0,0,0,7.7333,Q,Miss,1,unique,X
158,0,3,male,30.0,0,0,8.05,S,Mr,1,unique,X
159,0,3,male,9.110283654838971,0,0,8.6625,S,Mr,1,unique,X
160,0,3,male,4.969622871492396,8,2,69.55,S,Master,11,share,X
161,0,3,male,44.0,0,1,16.1,S,Mr,2,unique,X
162,1,2,female,40.0,0,0,15.75,S,Mrs,1,unique,X
163,0,3,male,26.0,0,0,7.775,S,Mr,1,unique,X
164,0,3,male,17.0,0,0,8.6625,S,Mr,1,unique,X
165,0,3,male,1.0,4,1,39.6875,S,Master,6,share,X
166,1,3,male,9.0,0,2,20.525,S,Master,3,share,X
167,1,1,female,10.186393296429479,0,1,55.0,S,Mrs,2,share,E
168,0,3,female,45.0,1,4,27.9,S,Mrs,6,share,X
169,0,1,male,10.865160502650532,0,0,25.925,S,Mr,1,unique,X
170,0,3,male,28.0,0,0,56.4958,S,Mr,1,share,X
171,0,1,male,61.0,0,0,33.5,S,Mr,1,unique,B
172,0,3,male,4.0,4,1,29.125,Q,Master,6,share,X
173,1,3,female,1.0,1,1,11.1333,S,Miss,3,share,X
174,0,3,male,21.0,0,0,7.925,S,Mr,1,unique,X
175,0,1,male,56.0,0,0,30.6958,C,Mr,1,unique,A
176,0,3,male,18.0,1,1,7.8542,S,Mr,3,unique,X
177,0,3,male,6.919350183639834,3,1,25.4667,S,Master,5,share,X
178,0,1,female,50.0,0,0,28.7125,C,Miss,1,unique,C
179,0,2,male,30.0,0,0,13.0,S,Mr,1,unique,X
180,0,3,male,36.0,0,0,0.0,S,Mr,1,share,X
181,0,3,female,4.982016632394263,8,2,69.55,S,Miss,11,share,X
182,0,2,male,9.845990076290114,0,0,15.05,C,Mr,1,unique,X
183,0,3,male,9.0,4,2,31.3875,S,Master,7,share,X
184,1,2,male,1.0,2,1,39.0,S,Master,4,share,F
185,1,3,female,4.0,0,2,22.025,S,Miss,3,unique,X
186,0,1,male,10.931309662222825,0,0,50.0,S,Mr,1,unique,A
187,1,3,female,8.51572954281692,1,0,15.5,Q,Mrs,2,share,X
188,1,1,male,45.0,0,0,26.55,S,Mr,1,unique,X
189,0,3,male,40.0,1,1,15.5,Q,Mr,3,share,X
190,0,3,male,36.0,0,0,7.8958,S,Mr,1,unique,X
191,1,2,female,32.0,0,0,13.0,S,Mrs,1,unique,X
192,0,2,male,19.0,0,0,13.0,S,Mr,1,unique,X
193,1,3,female,19.0,1,0,7.8542,S,Miss,2,unique,X
194,1,2,male,3.0,1,1,26.0,S,Master,3,share,F
195,1,1,female,44.0,0,0,27.7208,C,Mrs,1,unique,B
196,1,1,female,58.0,0,0,146.5208,C,Miss,1,share,B
197,0,3,male,8.916383443911776,0,0,7.75,Q,Mr,1,unique,X
198,0,3,male,42.0,0,1,8.4042,S,Mr,2,unique,X
199,1,3,female,8.441332563687816,0,0,7.75,Q,Miss,1,unique,X
200,0,2,female,24.0,0,0,13.0,S,Miss,1,unique,X
201,0,3,male,28.0,0,0,9.5,S,Mr,1,unique,X
202,0,3,male,4.969622871492396,8,2,69.55,S,Mr,11,share,X
203,0,3,male,34.0,0,0,6.4958,S,Mr,1,unique,X
204,0,3,male,45.5,0,0,7.225,C,Mr,1,unique,X
205,1,3,male,18.0,0,0,8.05,S,Mr,1,unique,X
206,0,3,female,2.0,0,1,10.4625,S,Miss,2,share,G
207,0,3,male,32.0,1,0,15.85,S,Mr,2,share,X
208,1,3,male,26.0,0,0,18.7875,C,Mr,1,share,X
209,1,3,female,16.0,0,0,7.75,Q,Miss,1,unique,X
210,1,1,male,40.0,0,0,31.0,C,Mr,1,unique,A
211,0,3,male,24.0,0,0,7.05,S,Mr,1,unique,X
212,1,2,female,35.0,0,0,21.0,S,Miss,1,unique,X
213,0,3,male,22.0,0,0,7.25,S,Mr,1,unique,X
214,0,2,male,30.0,0,0,13.0,S,Mr,1,unique,X
215,0,3,male,8.805936220091619,1,0,7.75,Q,Mr,2,unique,X
216,1,1,female,31.0,1,0,113.275,C,Miss,2,share,D
217,1,3,female,27.0,0,0,7.925,S,Miss,1,unique,X
218,0,2,male,42.0,1,0,27.0,S,Mr,2,share,X
219,1,1,female,32.0,0,0,76.2917,C,Miss,1,unique,D
220,0,2,male,30.0,0,0,10.5,S,Mr,1,unique,X
221,1,3,male,16.0,0,0,8.05,S,Mr,1,unique,X
222,0,2,male,27.0,0,0,13.0,S,Mr,1,unique,X
223,0,3,male,51.0,0,0,8.05,S,Mr,1,unique,X
224,0,3,male,9.039047928578592,0,0,7.8958,S,Mr,1,unique,X
225,1,1,male,38.0,1,0,90.0,S,Mr,2,share,C
226,0,3,male,22.0,0,0,9.35,S,Mr,1,unique,X
227,1,2,male,19.0,0,0,10.5,S,Mr,1,unique,X
228,0,3,male,20.5,0,0,7.25,S,Mr,1,unique,X
229,0,2,male,18.0,0,0,13.0,S,Mr,1,unique,X
230,0,3,female,6.808803482717759,3,1,25.4667,S,Miss,5,share,X
231,1,1,female,35.0,1,0,83.475,S,Mrs,2,share,C
232,0,3,male,29.0,0,0,7.775,S,Mr,1,unique,X
233,0,2,male,59.0,0,0,13.5,S,Mr,1,unique,X
234,1,3,female,5.0,4,2,31.3875,S,Miss,7,share,X
235,0,2,male,24.0,0,0,10.5,S,Mr,1,unique,X
236,0,3,female,8.600079970540689,0,0,7.55,S,Miss,1,unique,X
237,0,2,male,44.0,1,0,26.0,S,Mr,2,unique,X
238,1,2,female,8.0,0,2,26.25,S,Miss,3,share,X
239,0,2,male,19.0,0,0,10.5,S,Mr,1,unique,X
240,0,2,male,33.0,0,0,12.275,S,Mr,1,unique,X
241,0,3,female,8.620457813928885,1,0,14.4542,C,Miss,2,share,X
242,1,3,female,8.51572954281692,1,0,15.5,Q,Miss,2,share,X
243,0,2,male,29.0,0,0,10.5,S,Mr,1,unique,X
244,0,3,male,22.0,0,0,7.125,S,Mr,1,unique,X
245,0,3,male,30.0,0,0,7.225,C,Mr,1,unique,X
246,0,1,male,44.0,2,0,90.0,Q,Dr,3,share,C
247,0,3,female,25.0,0,0,7.775,S,Miss,1,unique,X
248,1,2,female,24.0,0,2,14.5,S,Mrs,3,share,X
249,1,1,male,37.0,1,1,52.5542,S,Mr,3,share,D
250,0,2,male,54.0,1,0,26.0,S,Rev,2,share,X
251,0,3,male,9.057028882182395,0,0,7.25,S,Mr,1,unique,X
252,0,3,female,29.0,1,1,10.4625,S,Mrs,3,share,G
253,0,1,male,62.0,0,0,26.55,S,Mr,1,unique,C
254,0,3,male,30.0,1,0,16.1,S,Mr,2,share,X
255,0,3,female,41.0,0,2,20.2125,S,Mrs,3,share,X
256,1,3,female,29.0,0,2,15.2458,C,Mrs,3,unique,X
257,1,1,female,10.54657394150938,0,0,79.2,C,Mrs,1,unique,X
258,1,1,female,30.0,0,0,86.5,S,Miss,1,share,B
259,1,1,female,35.0,0,0,512.3292,C,Miss,1,share,X
260,1,2,female,50.0,0,1,26.0,S,Mrs,2,share,X
261,0,3,male,8.916383443911776,0,0,7.75,Q,Mr,1,unique,X
262,1,3,male,3.0,4,2,31.3875,S,Master,7,share,X
263,0,1,male,52.0,1,1,79.65,S,Mr,3,share,E
264,0,1,male,40.0,0,0,0.0,S,Mr,1,unique,B
265,0,3,female,8.441332563687816,0,0,7.75,Q,Miss,1,unique,X
266,0,2,male,36.0,0,0,10.5,S,Mr,1,unique,X
267,0,3,male,16.0,4,1,39.6875,S,Mr,6,share,X
268,1,3,male,25.0,1,0,7.775,S,Mr,2,unique,X
269,1,1,female,58.0,0,1,153.4625,S,Mrs,2,share,C
270,1,1,female,35.0,0,0,135.6333,S,Miss,1,share,C
271,0,1,male,10.895125097197399,0,0,31.0,S,Mr,1,share,X
272,1,3,male,25.0,0,0,0.0,S,Mr,1,share,X
273,1,2,female,41.0,0,1,19.5,S,Mrs,2,share,X
274,0,1,male,37.0,0,1,29.7,C,Mr,2,unique,C
275,1,3,female,8.441332563687816,0,0,7.75,Q,Miss,1,unique,X
276,1,1,female,63.0,1,0,77.9583,S,Miss,2,share,D
277,0,3,female,45.0,0,0,7.75,S,Miss,1,unique,X
278,0,2,male,9.405103147649715,0,0,0.0,S,Mr,1,share,X
279,0,3,male,7.0,4,1,29.125,Q,Master,6,share,X
280,1,3,female,35.0,1,1,20.25,S,Mrs,3,share,X
281,0,3,male,65.0,0,0,7.75,Q,Mr,1,unique,X
282,0,3,male,28.0,0,0,7.8542,S,Mr,1,unique,X
283,0,3,male,16.0,0,0,9.5,S,Mr,1,unique,X
284,1,3,male,19.0,0,0,8.05,S,Mr,1,unique,X
285,0,1,male,10.865160502650532,0,0,26.0,S,Mr,1,unique,A
286,0,3,male,33.0,0,0,8.6625,C,Mr,1,unique,X
287,1,3,male,30.0,0,0,9.5,S,Mr,1,unique,X
288,0,3,male,22.0,0,0,7.8958,S,Mr,1,unique,X
289,1,2,male,42.0,0,0,13.0,S,Mr,1,unique,X
290,1,3,female,22.0,0,0,7.75,Q,Miss,1,unique,X
291,1,1,female,26.0,0,0,78.85,S,Miss,1,share,X
292,1,1,female,19.0,1,0,91.0792,C,Mrs,2,share,B
293,0,2,male,36.0,0,0,12.875,C,Mr,1,unique,D
294,0,3,female,24.0,0,0,8.85,S,Miss,1,unique,X
295,0,3,male,24.0,0,0,7.8958,S,Mr,1,unique,X
296,0,1,male,10.877952455907836,0,0,27.7208,C,Mr,1,unique,X
297,0,3,male,23.5,0,0,7.2292,C,Mr,1,unique,X
298,0,1,female,2.0,1,2,151.55,S,Miss,4,share,C
299,1,1,male,10.895125097197399,0,0,30.5,S,Mr,1,unique,C
300,1,1,female,50.0,0,1,247.5208,C,Mrs,2,share,B
301,1,3,female,8.441332563687816,0,0,7.75,Q,Miss,1,unique,X
302,1,3,male,8.16854559438314,2,0,23.25,Q,Mr,3,share,X
303,0,3,male,19.0,0,0,0.0,S,Mr,1,share,X
304,1,2,female,9.204812871364677,0,0,12.35,Q,Miss,1,unique,E
305,0,3,male,9.05388702296441,0,0,8.05,S,Mr,1,unique,X
306,1,1,male,0.92,1,2,151.55,S,Master,4,share,C
307,1,1,female,10.556295034039891,0,0,110.8833,C,Miss,1,share,X
308,1,1,female,17.0,1,0,108.9,C,Mrs,2,share,C
309,0,2,male,30.0,1,0,24.0,C,Mr,2,share,X
310,1,1,female,30.0,0,0,56.9292,C,Miss,1,share,E
311,1,1,female,24.0,0,0,83.1583,C,Miss,1,share,C
312,1,1,female,18.0,2,2,262.375,C,Miss,5,share,B
313,0,2,female,26.0,1,1,26.0,S,Mrs,3,unique,X
314,0,3,male,28.0,0,0,7.8958,S,Mr,1,unique,X
315,0,2,male,43.0,1,1,26.25,S,Mr,3,share,X
316,1,3,female,26.0,0,0,7.8542,S,Miss,1,unique,X
317,1,2,female,24.0,1,0,26.0,S,Mrs,2,share,X
318,0,2,male,54.0,0,0,14.0,S,Dr,1,unique,X
319,1,1,female,31.0,0,2,164.8667,S,Miss,3,share,C
320,1,1,female,40.0,1,1,134.5,C,Mrs,3,share,E
321,0,3,male,22.0,0,0,7.25,S,Mr,1,unique,X
322,0,3,male,27.0,0,0,7.8958,S,Mr,1,unique,X
323,1,2,female,30.0,0,0,12.35,Q,Miss,1,unique,X
324,1,2,female,22.0,1,1,29.0,S,Mrs,3,share,X
325,0,3,male,4.969622871492396,8,2,69.55,S,Mr,11,share,X
326,1,1,female,36.0,0,0,135.6333,C,Miss,1,share,C
327,0,3,male,61.0,0,0,6.2375,S,Mr,1,unique,X
328,1,2,female,36.0,0,0,13.0,S,Mrs,1,unique,D
329,1,3,female,31.0,1,1,20.525,S,Mrs,3,share,X
330,1,1,female,16.0,0,1,57.9792,C,Miss,2,share,B
331,1,3,female,7.722808837096526,2,0,23.25,Q,Miss,3,share,X
332,0,1,male,45.5,0,0,28.5,S,Mr,1,unique,C
333,0,1,male,38.0,0,1,153.4625,S,Mr,2,share,C
334,0,3,male,16.0,2,0,18.0,S,Mr,3,share,X
335,1,1,female,10.501723270354448,1,0,133.65,S,Mrs,2,share,X
336,0,3,male,9.039047928578592,0,0,7.8958,S,Mr,1,unique,X
337,0,1,male,29.0,1,0,66.6,S,Mr,2,share,C
338,1,1,female,41.0,0,0,134.5,C,Miss,1,share,E
339,1,3,male,45.0,0,0,8.05,S,Mr,1,unique,X
340,0,1,male,45.0,0,0,35.5,S,Mr,1,unique,T
341,1,2,male,2.0,1,1,26.0,S,Master,3,share,F
342,1,1,female,24.0,3,2,263.0,S,Miss,6,share,C
343,0,2,male,28.0,0,0,13.0,S,Mr,1,unique,X
344,0,2,male,25.0,0,0,13.0,S,Mr,1,unique,X
345,0,2,male,36.0,0,0,13.0,S,Mr,1,unique,X
346,1,2,female,24.0,0,0,13.0,S,Miss,1,unique,F
347,1,2,female,40.0,0,0,13.0,S,Miss,1,unique,X
348,1,3,female,8.674476949669796,1,0,16.1,S,Mrs,2,unique,X
349,1,3,male,3.0,1,1,15.9,S,Master,3,share,X
350,0,3,male,42.0,0,0,8.6625,S,Mr,1,unique,X
351,0,3,male,23.0,0,0,9.225,S,Mr,1,unique,X
352,0,1,male,10.895125097197399,0,0,35.0,S,Mr,1,unique,C
353,0,3,male,15.0,1,1,7.2292,C,Mr,3,unique,X
354,0,3,male,25.0,1,0,17.8,S,Mr,2,share,X
355,0,3,male,9.021111715023741,0,0,7.225,C,Mr,1,unique,X
356,0,3,male,28.0,0,0,9.5,S,Mr,1,unique,X
357,1,1,female,22.0,0,1,55.0,S,Miss,2,share,E
358,0,2,female,38.0,0,0,13.0,S,Miss,1,unique,X
359,1,3,female,8.454940110225149,0,0,7.8792,Q,Miss,1,unique,X
360,1,3,female,8.454940110225149,0,0,7.8792,Q,Miss,1,unique,X
361,0,3,male,40.0,1,4,27.9,S,Mr,6,share,X
362,0,2,male,29.0,1,0,27.7208,C,Mr,2,unique,X
363,0,3,female,45.0,0,1,14.4542,C,Mrs,2,share,X
364,0,3,male,35.0,0,0,7.05,S,Mr,1,unique,X
365,0,3,male,8.818486716542346,1,0,15.5,Q,Mr,2,share,X
366,0,3,male,30.0,0,0,7.25,S,Mr,1,unique,X
367,1,1,female,60.0,1,0,75.25,C,Mrs,2,unique,D
368,1,3,female,8.54606083479978,0,0,7.2292,C,Mrs,1,unique,X
369,1,3,female,8.441332563687816,0,0,7.75,Q,Miss,1,unique,X
370,1,1,female,24.0,0,0,69.3,C,Mlle,1,share,B
371,1,1,male,25.0,1,0,55.4417,C,Mr,2,unique,E
372,0,3,male,18.0,1,0,6.4958,S,Mr,2,unique,X
373,0,3,male,19.0,0,0,8.05,S,Mr,1,unique,X
374,0,1,male,22.0,0,0,135.6333,C,Mr,1,share,X
375,0,3,female,3.0,3,1,21.075,S,Miss,5,share,X
376,1,1,female,10.496413255029498,1,0,82.1708,C,Mrs,2,share,X
377,1,3,female,22.0,0,0,7.25,S,Miss,1,unique,X
378,0,1,male,27.0,0,2,211.5,C,Mr,3,unique,C
379,0,3,male,20.0,0,0,4.0125,C,Mr,1,unique,X
380,0,3,male,19.0,0,0,7.775,S,Mr,1,unique,X
381,1,1,female,42.0,0,0,227.525,C,Miss,1,share,X
382,1,3,female,1.0,0,2,15.7417,C,Miss,3,share,X
383,0,3,male,32.0,0,0,7.925,S,Mr,1,unique,X
384,1,1,female,35.0,1,0,52.0,S,Mrs,2,share,X
385,0,3,male,9.039047928578592,0,0,7.8958,S,Mr,1,unique,X
386,0,2,male,18.0,0,0,73.5,S,Mr,1,share,X
387,0,3,male,1.0,5,2,46.9,S,Master,8,share,X
388,1,2,female,36.0,0,0,13.0,S,Miss,1,unique,X
389,0,3,male,8.916383443911776,0,0,7.7292,Q,Mr,1,unique,X
390,1,2,female,17.0,0,0,12.0,C,Miss,1,unique,X
391,1,1,male,36.0,1,2,120.0,S,Mr,4,share,B
392,1,3,male,21.0,0,0,7.7958,S,Mr,1,unique,X
393,0,3,male,28.0,2,0,7.925,S,Mr,3,unique,X
394,1,1,female,23.0,1,0,113.275,C,Miss,2,share,D
395,1,3,female,24.0,0,2,16.7,S,Mrs,3,share,G
396,0,3,male,22.0,0,0,7.7958,S,Mr,1,unique,X
397,0,3,female,31.0,0,0,7.8542,S,Miss,1,unique,X
398,0,2,male,46.0,0,0,26.0,S,Mr,1,share,X
399,0,2,male,23.0,0,0,10.5,S,Dr,1,unique,X
400,1,2,female,28.0,0,0,12.65,S,Mrs,1,unique,X
401,1,3,male,39.0,0,0,7.925,S,Mr,1,unique,X
402,0,3,male,26.0,0,0,8.05,S,Mr,1,unique,X
403,0,3,female,21.0,1,0,9.825,S,Miss,2,unique,X
404,0,3,male,28.0,1,0,15.85,S,Mr,2,share,X
405,0,3,female,20.0,0,0,8.6625,S,Miss,1,unique,X
406,0,2,male,34.0,1,0,21.0,S,Mr,2,unique,X
407,0,3,male,51.0,0,0,7.75,S,Mr,1,unique,X
408,1,2,male,3.0,1,1,18.75,S,Master,3,share,X
409,0,3,male,21.0,0,0,7.775,S,Mr,1,unique,X
410,0,3,female,6.808803482717759,3,1,25.4667,S,Miss,5,share,X
411,0,3,male,9.039047928578592,0,0,7.8958,S,Mr,1,unique,X
412,0,3,male,8.950252860551341,0,0,6.8583,Q,Mr,1,unique,X
413,1,1,female,33.0,1,0,90.0,Q,Miss,2,share,C
414,0,2,male,9.405103147649715,0,0,0.0,S,Mr,1,share,X
415,1,3,male,44.0,0,0,7.925,S,Mr,1,unique,X
416,0,3,female,8.670747903863695,0,0,8.05,S,Mrs,1,unique,X
417,1,2,female,34.0,1,1,32.5,S,Mrs,3,unique,X
418,1,2,female,18.0,0,2,13.0,S,Miss,3,unique,X
419,0,2,male,30.0,0,0,13.0,S,Mr,1,unique,X
420,0,3,female,10.0,0,2,24.15,S,Miss,3,share,X
421,0,3,male,9.003130761419937,0,0,7.8958,C,Mr,1,unique,X
422,0,3,male,21.0,0,0,7.7333,Q,Mr,1,unique,X
423,0,3,male,29.0,0,0,7.875,S,Mr,1,unique,X
424,0,3,female,28.0,1,1,14.4,S,Mrs,3,share,X
425,0,3,male,18.0,1,1,20.2125,S,Mr,3,share,X
426,0,3,male,9.057028882182395,0,0,7.25,S,Mr,1,unique,X
427,1,2,female,28.0,1,0,26.0,S,Mrs,2,unique,X
428,1,2,female,19.0,0,0,26.0,S,Miss,1,share,X
429,0,3,male,8.916383443911776,0,0,7.75,Q,Mr,1,unique,X
430,1,3,male,32.0,0,0,8.05,S,Mr,1,unique,E
431,1,1,male,28.0,0,0,26.55,S,Mr,1,unique,C
432,1,3,female,8.674476949669796,1,0,16.1,S,Mrs,2,share,X
433,1,2,female,42.0,1,0,26.0,S,Mrs,2,unique,X
434,0,3,male,17.0,0,0,7.125,S,Mr,1,unique,X
435,0,1,male,50.0,1,0,55.9,S,Mr,2,share,E
436,1,1,female,14.0,1,2,120.0,S,Miss,4,share,B
437,0,3,female,21.0,2,2,34.375,S,Miss,5,share,X
438,1,2,female,24.0,2,3,18.75,S,Mrs,6,share,X
439,0,1,male,64.0,1,4,263.0,S,Mr,6,share,C
440,0,2,male,31.0,0,0,10.5,S,Mr,1,unique,X
441,1,2,female,45.0,1,1,26.25,S,Mrs,3,share,X
442,0,3,male,20.0,0,0,9.5,S,Mr,1,unique,X
443,0,3,male,25.0,1,0,7.775,S,Mr,2,unique,X
444,1,2,female,28.0,0,0,13.0,S,Mlle,1,unique,X
445,1,3,male,9.05388702296441,0,0,8.1125,S,Mr,1,unique,X
446,1,1,male,4.0,0,2,81.8583,S,Master,3,unique,A
447,1,2,female,13.0,0,1,19.5,S,Miss,2,share,X
448,1,1,male,34.0,0,0,26.55,S,Mr,1,unique,X
449,1,3,female,5.0,2,1,19.2583,C,Miss,4,share,X
450,1,1,male,52.0,0,0,30.5,S,Sir,1,unique,C
451,0,2,male,36.0,1,2,27.75,S,Mr,4,share,X
452,0,3,male,8.899404842365584,1,0,19.9667,S,Mr,2,unique,X
453,0,1,male,30.0,0,0,27.75,C,Mr,1,unique,C
454,1,1,male,49.0,1,0,89.1042,C,Mr,2,share,C
455,0,3,male,9.05388702296441,0,0,8.05,S,Mr,1,unique,X
456,1,3,male,29.0,0,0,7.8958,C,Mr,1,unique,X
457,0,1,male,65.0,0,0,26.55,S,Mr,1,unique,E
458,1,1,female,10.477931042120073,1,0,51.8625,S,Mrs,2,unique,D
459,1,2,female,50.0,0,0,10.5,S,Miss,1,unique,X
460,0,3,male,8.916383443911776,0,0,7.75,Q,Mr,1,unique,X
461,1,1,male,48.0,0,0,26.55,S,Mr,1,unique,E
462,0,3,male,34.0,0,0,8.05,S,Mr,1,unique,X
463,0,1,male,47.0,0,0,38.5,S,Mr,1,unique,E
464,0,2,male,48.0,0,0,13.0,S,Mr,1,unique,X
465,0,3,male,9.05388702296441,0,0,8.05,S,Mr,1,unique,X
466,0,3,male,38.0,0,0,7.05,S,Mr,1,unique,X
467,0,2,male,9.405103147649715,0,0,0.0,S,Mr,1,share,X
468,0,1,male,56.0,0,0,26.55,S,Mr,1,unique,X
469,0,3,male,8.916383443911776,0,0,7.725,Q,Mr,1,unique,X
470,1,3,female,0.75,2,1,19.2583,C,Miss,4,share,X
471,0,3,male,9.057028882182395,0,0,7.25,S,Mr,1,unique,X
472,0,3,male,38.0,0,0,8.6625,S,Mr,1,unique,X
473,1,2,female,33.0,1,2,27.75,S,Mrs,4,share,X
474,1,2,female,23.0,0,0,13.7917,C,Mrs,1,unique,D
475,0,3,female,22.0,0,0,9.8375,S,Miss,1,unique,X
476,0,1,male,10.931309662222825,0,0,52.0,S,Mr,1,share,A
477,0,2,male,34.0,1,0,21.0,S,Mr,2,share,X
478,0,3,male,29.0,1,0,7.0458,S,Mr,2,unique,X
479,0,3,male,22.0,0,0,7.5208,S,Mr,1,unique,X
480,1,3,female,2.0,0,1,12.2875,S,Miss,2,unique,X
481,0,3,male,9.0,5,2,46.9,S,Master,8,share,X
482,0,2,male,9.405103147649715,0,0,0.0,S,Mr,1,unique,X
483,0,3,male,50.0,0,0,8.05,S,Mr,1,unique,X
484,1,3,female,63.0,0,0,9.5875,S,Mrs,1,unique,X
485,1,1,male,25.0,1,0,91.0792,C,Mr,2,share,B
486,0,3,female,6.808803482717759,3,1,25.4667,S,Miss,5,share,X
487,1,1,female,35.0,1,0,90.0,S,Mrs,2,share,C
488,0,1,male,58.0,0,0,29.7,C,Mr,1,unique,B
489,0,3,male,30.0,0,0,8.05,S,Mr,1,unique,X
490,1,3,male,9.0,1,1,15.9,S,Master,3,share,X
491,0,3,male,8.899404842365584,1,0,19.9667,S,Mr,2,unique,X
492,0,3,male,21.0,0,0,7.25,S,Mr,1,unique,X
493,0,1,male,55.0,0,0,30.5,S,Mr,1,unique,C
494,0,1,male,71.0,0,0,49.5042,C,Mr,1,unique,X
495,0,3,male,21.0,0,0,8.05,S,Mr,1,unique,X
496,0,3,male,9.033662211474468,0,0,14.4583,C,Mr,1,share,X
497,1,1,female,54.0,1,0,78.2667,C,Miss,2,share,D
498,0,3,male,9.06957937863312,0,0,15.1,S,Mr,1,unique,X
499,0,1,female,25.0,1,2,151.55,S,Mrs,4,share,C
500,0,3,male,24.0,0,0,7.7958,S,Mr,1,unique,X
501,0,3,male,17.0,0,0,8.6625,S,Mr,1,unique,X
502,0,3,female,21.0,0,0,7.75,Q,Miss,1,unique,X
503,0,3,female,8.441332563687816,0,0,7.6292,Q,Miss,1,unique,X
504,0,3,female,37.0,0,0,9.5875,S,Miss,1,unique,X
505,1,1,female,16.0,0,0,86.5,S,Miss,1,share,B
506,0,1,male,18.0,1,0,108.9,C,Mr,2,share,C
507,1,2,female,33.0,0,2,26.0,S,Mrs,3,share,X
508,1,1,male,10.865160502650532,0,0,26.55,S,Mr,1,unique,X
509,0,3,male,28.0,0,0,22.525,S,Mr,1,unique,X
510,1,3,male,26.0,0,0,56.4958,S,Mr,1,share,X
511,1,3,male,29.0,0,0,7.75,Q,Mr,1,unique,X
512,0,3,male,9.05388702296441,0,0,8.05,S,Mr,1,unique,X
513,1,1,male,36.0,0,0,26.2875,S,Mr,1,unique,E
514,1,1,female,54.0,1,0,59.4,C,Mrs,2,unique,X
515,0,3,male,24.0,0,0,7.4958,S,Mr,1,unique,X
516,0,1,male,47.0,0,0,34.0208,S,Mr,1,unique,D
517,1,2,female,34.0,0,0,10.5,S,Mrs,1,unique,F
518,0,3,male,8.932593989365238,0,0,24.15,Q,Mr,1,share,X
519,1,2,female,36.0,1,0,26.0,S,Mrs,2,unique,X
520,0,3,male,32.0,0,0,7.8958,S,Mr,1,unique,X
521,1,1,female,30.0,0,0,93.5,S,Miss,1,share,B
522,0,3,male,22.0,0,0,7.8958,S,Mr,1,unique,X
523,0,3,male,9.021111715023741,0,0,7.225,C,Mr,1,unique,X
524,1,1,female,44.0,0,1,57.9792,C,Mrs,2,share,B
525,0,3,male,9.021111715023741,0,0,7.2292,C,Mr,1,unique,X
526,0,3,male,40.5,0,0,7.75,Q,Mr,1,unique,X
527,1,2,female,50.0,0,0,10.5,S,Miss,1,unique,X
528,0,1,male,10.857082806596601,0,0,221.7792,S,Mr,1,unique,C
529,0,3,male,39.0,0,0,7.925,S,Mr,1,unique,X
530,0,2,male,23.0,2,1,11.5,S,Mr,4,unique,X
531,1,2,female,2.0,1,1,26.0,S,Miss,3,share,X
532,0,3,male,9.021111715023741,0,0,7.2292,C,Mr,1,unique,X
533,0,3,male,17.0,1,1,7.2292,C,Mr,3,unique,X
534,1,3,female,7.6826666116060816,0,2,22.3583,C,Mrs,3,share,X
535,0,3,female,30.0,0,0,8.6625,S,Miss,1,unique,X
536,1,2,female,7.0,0,2,26.25,S,Miss,3,share,X
537,0,1,male,45.0,0,0,26.55,S,Sir,1,unique,B
538,1,1,female,30.0,0,0,106.425,C,Miss,1,share,X
539,0,3,male,9.06957937863312,0,0,14.5,S,Mr,1,unique,X
540,1,1,female,22.0,0,2,49.5,C,Miss,3,unique,B
541,1,1,female,36.0,0,2,71.0,S,Miss,3,share,B
542,0,3,female,9.0,4,2,31.275,S,Miss,7,share,X
543,0,3,female,11.0,4,2,31.275,S,Miss,7,share,X
544,1,2,male,32.0,1,0,26.0,S,Mr,2,share,X
545,0,1,male,50.0,1,0,106.425,C,Mr,2,share,C
546,0,1,male,64.0,0,0,26.0,S,Mr,1,unique,X
547,1,2,female,19.0,1,0,26.0,S,Mrs,2,share,X
548,1,2,male,9.845990076290114,0,0,13.8625,C,Mr,1,unique,X
549,0,3,male,33.0,1,1,20.525,S,Mr,3,share,X
550,1,2,male,8.0,1,1,36.75,S,Master,3,share,X
551,1,1,male,17.0,0,2,110.8833,C,Mr,3,share,C
552,0,2,male,27.0,0,0,26.0,S,Mr,1,unique,X
553,0,3,male,8.906756822809673,0,0,7.8292,Q,Mr,1,unique,X
554,1,3,male,22.0,0,0,7.225,C,Mr,1,unique,X
555,1,3,female,22.0,0,0,7.775,S,Miss,1,unique,X
556,0,1,male,62.0,0,0,26.55,S,Mr,1,unique,X
557,1,1,female,48.0,1,0,39.6,C,Lady,2,unique,A
558,0,1,male,10.869874759853905,0,0,227.525,C,Mr,1,share,X
559,1,1,female,39.0,1,1,79.65,S,Mrs,3,share,E
560,1,3,female,36.0,1,0,17.4,S,Mrs,2,unique,X
561,0,3,male,8.916383443911776,0,0,7.75,Q,Mr,1,unique,X
562,0,3,male,40.0,0,0,7.8958,S,Mr,1,unique,X
563,0,2,male,28.0,0,0,13.5,S,Mr,1,unique,X
564,0,3,male,9.05388702296441,0,0,8.05,S,Mr,1,unique,X
565,0,3,female,8.670747903863695,0,0,8.05,S,Miss,1,unique,X
566,0,3,male,24.0,2,0,24.15,S,Mr,3,share,X
567,0,3,male,19.0,0,0,7.8958,S,Mr,1,unique,X
568,0,3,female,29.0,0,4,21.075,S,Mrs,5,share,X
569,0,3,male,9.021111715023741,0,0,7.2292,C,Mr,1,unique,X
570,1,3,male,32.0,0,0,7.8542,S,Mr,1,unique,X
571,1,2,male,62.0,0,0,10.5,S,Mr,1,unique,X
572,1,1,female,53.0,2,0,51.4792,S,Mrs,3,unique,C
573,1,1,male,36.0,0,0,26.3875,S,Mr,1,unique,E
574,1,3,female,8.441332563687816,0,0,7.75,Q,Miss,1,unique,X
575,0,3,male,16.0,0,0,8.05,S,Mr,1,unique,X
576,0,3,male,19.0,0,0,14.5,S,Mr,1,share,X
577,1,2,female,34.0,0,0,13.0,S,Miss,1,unique,X
578,1,1,female,39.0,1,0,55.9,S,Mrs,2,share,E
579,0,3,female,8.620457813928885,1,0,14.4583,C,Mrs,2,unique,X
580,1,3,male,32.0,0,0,7.925,S,Mr,1,unique,X
581,1,2,female,25.0,1,1,30.0,S,Miss,3,unique,X
582,1,1,female,39.0,1,1,110.8833,C,Mrs,3,share,C
583,0,2,male,54.0,0,0,26.0,S,Mr,1,share,X
584,0,1,male,36.0,0,0,40.125,C,Mr,1,unique,A
585,0,3,male,9.074366487680319,0,0,8.7125,C,Mr,1,unique,X
586,1,1,female,18.0,0,2,79.65,S,Miss,3,share,E
587,0,2,male,47.0,0,0,15.0,S,Mr,1,unique,X
588,1,1,male,60.0,1,1,79.2,C,Mr,3,unique,B
589,0,3,male,22.0,0,0,8.05,S,Mr,1,unique,X
590,0,3,male,9.05388702296441,0,0,8.05,S,Mr,1,unique,X
591,0,3,male,35.0,0,0,7.125,S,Mr,1,unique,X
592,1,1,female,52.0,1,0,78.2667,C,Mrs,2,share,D
593,0,3,male,47.0,0,0,7.25,S,Mr,1,unique,X
594,0,3,female,7.2852722196321595,0,2,7.75,Q,Miss,3,unique,X
595,0,2,male,37.0,1,0,26.0,S,Mr,2,unique,X
596,0,3,male,36.0,1,1,24.15,S,Mr,3,share,X
597,1,2,female,9.524551846562861,0,0,33.0,S,Miss,1,share,X
598,0,3,male,49.0,0,0,0.0,S,Mr,1,share,X
599,0,3,male,9.021111715023741,0,0,7.225,C,Mr,1,unique,X
600,1,1,male,49.0,1,0,56.9292,C,Sir,2,share,A
601,1,2,female,24.0,2,1,27.0,S,Mrs,4,share,X
602,0,3,male,9.039047928578592,0,0,7.8958,S,Mr,1,unique,X
603,0,1,male,10.898872709318152,0,0,42.4,S,Mr,1,unique,X
604,0,3,male,44.0,0,0,8.05,S,Mr,1,unique,X
605,1,1,male,35.0,0,0,26.55,C,Mr,1,unique,X
606,0,3,male,36.0,1,0,15.55,S,Mr,2,unique,X
607,0,3,male,30.0,0,0,7.8958,S,Mr,1,unique,X
608,1,1,male,27.0,0,0,30.5,S,Mr,1,unique,X
609,1,2,female,22.0,1,2,41.5792,C,Mrs,4,share,X
610,1,1,female,40.0,0,0,153.4625,S,Miss,1,share,C
611,0,3,female,39.0,1,5,31.275,S,Mrs,7,share,X
612,0,3,male,9.071285613855872,0,0,7.05,S,Mr,1,unique,X
613,1,3,female,8.51572954281692,1,0,15.5,Q,Miss,2,share,X
614,0,3,male,8.916383443911776,0,0,7.75,Q,Mr,1,unique,X
615,0,3,male,35.0,0,0,8.05,S,Mr,1,unique,X
616,1,2,female,24.0,1,2,65.0,S,Miss,4,share,X
617,0,3,male,34.0,1,1,14.4,S,Mr,3,share,X
618,0,3,female,26.0,1,0,16.1,S,Mrs,2,share,X
619,1,2,female,4.0,2,1,39.0,S,Miss,4,share,F
620,0,2,male,26.0,0,0,10.5,S,Mr,1,unique,X
621,0,3,male,27.0,1,0,14.4542,C,Mr,2,share,X
622,1,1,male,42.0,1,0,52.5542,S,Mr,2,unique,D
623,1,3,male,20.0,1,1,15.7417,C,Mr,3,share,X
624,0,3,male,21.0,0,0,7.8542,S,Mr,1,unique,X
625,0,3,male,21.0,0,0,16.1,S,Mr,1,share,X
626,0,1,male,61.0,0,0,32.3208,S,Mr,1,unique,D
627,0,2,male,57.0,0,0,12.35,Q,Rev,1,unique,X
628,1,1,female,21.0,0,0,77.9583,S,Miss,1,share,D
629,0,3,male,26.0,0,0,7.8958,S,Mr,1,unique,X
630,0,3,male,8.916383443911776,0,0,7.7333,Q,Mr,1,unique,X
631,1,1,male,80.0,0,0,30.0,S,Mr,1,unique,A
632,0,3,male,51.0,0,0,7.0542,S,Mr,1,unique,X
633,1,1,male,32.0,0,0,30.5,C,Dr,1,unique,B
634,0,1,male,10.271488220348138,0,0,0.0,S,Mr,1,unique,X
635,0,3,female,9.0,3,2,27.9,S,Miss,6,share,X
636,1,2,female,28.0,0,0,13.0,S,Miss,1,unique,X
637,0,3,male,32.0,0,0,7.925,S,Mr,1,unique,X
638,0,2,male,31.0,1,1,26.25,S,Mr,3,share,X
639,0,3,female,41.0,0,5,39.6875,S,Mrs,6,share,X
640,0,3,male,8.959132154812965,1,0,16.1,S,Mr,2,share,X
641,0,3,male,20.0,0,0,7.8542,S,Mr,1,unique,X
642,1,1,female,24.0,0,0,69.3,C,Mlle,1,share,B
643,0,3,female,2.0,3,2,27.9,S,Miss,6,share,X
644,1,3,male,9.12960111800025,0,0,56.4958,S,Mr,1,share,X
645,1,3,female,0.75,2,1,19.2583,C,Miss,4,share,X
646,1,1,male,48.0,1,0,76.7292,C,Mr,2,share,D
647,0,3,male,19.0,0,0,7.8958,S,Mr,1,unique,X
648,1,1,male,56.0,0,0,35.5,C,Col,1,unique,A
649,0,3,male,9.057028882182395,0,0,7.55,S,Mr,1,unique,X
650,1,3,female,23.0,0,0,7.55,S,Miss,1,unique,X
651,0,3,male,9.039047928578592,0,0,7.8958,S,Mr,1,unique,X
652,1,2,female,18.0,0,1,23.0,S,Miss,2,share,X
653,0,3,male,21.0,0,0,8.4333,S,Mr,1,unique,X
654,1,3,female,8.431705942585712,0,0,7.8292,Q,Miss,1,unique,X
655,0,3,female,18.0,0,0,6.75,Q,Miss,1,unique,X
656,0,2,male,24.0,2,0,73.5,S,Mr,3,share,X
657,0,3,male,9.039047928578592,0,0,7.8958,S,Mr,1,unique,X
658,0,3,female,32.0,1,1,15.5,Q,Mrs,3,share,X
659,0,2,male,23.0,0,0,13.0,S,Mr,1,unique,X
660,0,1,male,58.0,0,2,113.275,C,Mr,3,share,D
661,1,1,male,50.0,2,0,133.65,S,Dr,3,share,X
662,0,3,male,40.0,0,0,7.225,C,Mr,1,unique,X
663,0,1,male,47.0,0,0,25.5875,S,Mr,1,unique,E
664,0,3,male,36.0,0,0,7.4958,S,Mr,1,unique,X
665,1,3,male,20.0,1,0,7.925,S,Mr,2,unique,X
666,0,2,male,32.0,2,0,73.5,S,Mr,3,share,X
667,0,2,male,25.0,0,0,13.0,S,Mr,1,unique,X
668,0,3,male,9.057028882182395,0,0,7.775,S,Mr,1,unique,X
669,0,3,male,43.0,0,0,8.05,S,Mr,1,unique,X
670,1,1,female,10.477931042120073,1,0,52.0,S,Mrs,2,share,C
671,1,2,female,40.0,1,1,39.0,S,Mrs,3,share,X
672,0,1,male,31.0,1,0,52.0,S,Mr,2,unique,B
673,0,2,male,70.0,0,0,10.5,S,Mr,1,unique,X
674,1,2,male,31.0,0,0,13.0,S,Mr,1,unique,X
675,0,2,male,9.405103147649715,0,0,0.0,S,Mr,1,unique,X
676,0,3,male,18.0,0,0,7.775,S,Mr,1,unique,X
677,0,3,male,24.5,0,0,8.05,S,Mr,1,unique,X
678,1,3,female,18.0,0,0,9.8417,S,Miss,1,unique,X
679,0,3,female,43.0,1,6,46.9,S,Mrs,8,share,X
680,1,1,male,36.0,0,1,512.3292,C,Mr,2,share,B
681,0,3,female,8.512000497010822,0,0,8.1375,Q,Miss,1,unique,X
682,1,1,male,27.0,0,0,76.7292,C,Mr,1,share,D
683,0,3,male,20.0,0,0,9.225,S,Mr,1,unique,X
684,0,3,male,14.0,5,2,46.9,S,Mr,8,share,X
685,0,2,male,60.0,1,1,39.0,S,Mr,3,share,X
686,0,2,male,25.0,1,2,41.5792,C,Mr,4,share,X
687,0,3,male,14.0,4,1,39.6875,S,Mr,6,share,X
688,0,3,male,19.0,0,0,10.1708,S,Mr,1,unique,X
689,0,3,male,18.0,0,0,7.7958,S,Mr,1,unique,X
690,1,1,female,15.0,0,1,211.3375,S,Miss,2,share,B
691,1,1,male,31.0,1,0,57.0,S,Mr,2,share,B
692,1,3,female,4.0,0,1,13.4167,C,Miss,2,unique,X
693,1,3,male,9.12960111800025,0,0,56.4958,S,Mr,1,share,X
694,0,3,male,25.0,0,0,7.225,C,Mr,1,unique,X
695,0,1,male,60.0,0,0,26.55,S,Col,1,unique,X
696,0,2,male,52.0,0,0,13.5,S,Mr,1,unique,X
697,0,3,male,44.0,0,0,8.05,S,Mr,1,unique,X
698,1,3,female,8.441332563687816,0,0,7.7333,Q,Miss,1,unique,X
699,0,1,male,49.0,1,1,110.8833,C,Mr,3,share,C
700,0,3,male,42.0,0,0,7.65,S,Mr,1,unique,F
701,1,1,female,18.0,1,0,227.525,C,Mrs,2,share,C
702,1,1,male,35.0,0,0,26.2875,S,Mr,1,unique,E
703,0,3,female,18.0,0,1,14.4542,C,Miss,2,share,X
704,0,3,male,25.0,0,0,7.7417,Q,Mr,1,unique,X
705,0,3,male,26.0,1,0,7.8542,S,Mr,2,unique,X
706,0,2,male,39.0,0,0,26.0,S,Mr,1,share,X
707,1,2,female,45.0,0,0,13.5,S,Mrs,1,unique,X
708,1,1,male,42.0,0,0,26.2875,S,Mr,1,unique,E
709,1,1,female,22.0,0,0,151.55,S,Miss,1,share,X
710,1,3,male,8.18284668302142,1,1,15.2458,C,Master,3,share,X
711,1,1,female,24.0,0,0,49.5042,C,Mlle,1,unique,C
712,0,1,male,10.865160502650532,0,0,26.55,S,Mr,1,unique,C
713,1,1,male,48.0,1,0,52.0,S,Mr,2,share,C
714,0,3,male,29.0,0,0,9.4833,S,Mr,1,unique,X
715,0,2,male,52.0,0,0,13.0,S,Mr,1,share,X
716,0,3,male,19.0,0,0,7.65,S,Mr,1,unique,F
717,1,1,female,38.0,0,0,227.525,C,Miss,1,share,C
718,1,2,female,27.0,0,0,10.5,S,Miss,1,unique,E
719,0,3,male,8.928933940362503,0,0,15.5,Q,Mr,1,unique,X
720,0,3,male,33.0,0,0,7.775,S,Mr,1,unique,X
721,1,2,female,6.0,0,1,33.0,S,Miss,2,share,X
722,0,3,male,17.0,1,0,7.0542,S,Mr,2,unique,X
723,0,2,male,34.0,0,0,13.0,S,Mr,1,unique,X
724,0,2,male,50.0,0,0,13.0,S,Mr,1,unique,X
725,1,1,male,27.0,1,0,53.1,S,Mr,2,share,E
726,0,3,male,20.0,0,0,8.6625,S,Mr,1,unique,X
727,1,2,female,30.0,3,0,21.0,S,Mrs,4,share,X
728,1,3,female,8.441332563687816,0,0,7.7375,Q,Miss,1,unique,X
729,0,2,male,25.0,1,0,26.0,S,Mr,2,unique,X
730,0,3,female,25.0,1,0,7.925,S,Miss,2,unique,X
731,1,1,female,29.0,0,0,211.3375,S,Miss,1,share,B
732,0,3,male,11.0,0,0,18.7875,C,Mr,1,share,X
733,0,2,male,9.405103147649715,0,0,0.0,S,Mr,1,unique,X
734,0,2,male,23.0,0,0,13.0,S,Mr,1,unique,X
735,0,2,male,23.0,0,0,13.0,S,Mr,1,unique,X
736,0,3,male,28.5,0,0,16.1,S,Mr,1,share,X
737,0,3,female,48.0,1,3,34.375,S,Mrs,5,share,X
738,1,1,male,35.0,0,0,512.3292,C,Mr,1,share,B
739,0,3,male,9.039047928578592,0,0,7.8958,S,Mr,1,unique,X
740,0,3,male,9.039047928578592,0,0,7.8958,S,Mr,1,unique,X
741,1,1,male,10.895125097197399,0,0,30.0,S,Mr,1,unique,D
742,0,1,male,36.0,1,0,78.85,S,Mr,2,share,C
743,1,1,female,21.0,2,2,262.375,C,Miss,5,share,B
744,0,3,male,24.0,1,0,16.1,S,Mr,2,unique,X
745,1,3,male,31.0,0,0,7.925,S,Mr,1,unique,X
746,0,1,male,70.0,1,1,71.0,S,Sir,3,share,B
747,0,3,male,16.0,1,1,20.25,S,Mr,3,share,X
748,1,2,female,30.0,0,0,13.0,S,Miss,1,unique,X
749,0,1,male,19.0,1,0,53.1,S,Mr,2,unique,D
750,0,3,male,31.0,0,0,7.75,Q,Mr,1,unique,X
751,1,2,female,4.0,1,1,23.0,S,Miss,3,unique,X
752,1,3,male,6.0,0,1,12.475,S,Master,2,share,E
753,0,3,male,33.0,0,0,9.5,S,Mr,1,unique,X
754,0,3,male,23.0,0,0,7.8958,S,Mr,1,unique,X
755,1,2,female,48.0,1,2,65.0,S,Mrs,4,share,X
756,1,2,male,0.67,1,1,14.5,S,Master,3,share,X
757,0,3,male,28.0,0,0,7.7958,S,Mr,1,unique,X
758,0,2,male,18.0,0,0,11.5,S,Mr,1,unique,X
759,0,3,male,34.0,0,0,8.05,S,Mr,1,unique,X
760,1,1,female,33.0,0,0,86.5,S,Lady,1,share,B
761,0,3,male,9.06957937863312,0,0,14.5,S,Mr,1,share,X
762,0,3,male,41.0,0,0,7.125,S,Mr,1,unique,X
763,1,3,male,20.0,0,0,7.2292,C,Mr,1,unique,X
764,1,1,female,36.0,1,2,120.0,S,Mrs,4,share,B
765,0,3,male,16.0,0,0,7.775,S,Mr,1,unique,X
766,1,1,female,51.0,1,0,77.9583,S,Mrs,2,share,D
767,0,1,male,10.907917050454703,0,0,39.6,C,Dr,1,unique,X
768,0,3,female,30.5,0,0,7.75,Q,Miss,1,unique,X
769,0,3,male,8.822146765545082,1,0,24.15,Q,Mr,2,share,X
770,0,3,male,32.0,0,0,8.3625,S,Mr,1,unique,X
771,0,3,male,24.0,0,0,9.5,S,Mr,1,unique,X
772,0,3,male,48.0,0,0,7.8542,S,Mr,1,unique,X
773,0,2,female,57.0,0,0,10.5,S,Mrs,1,share,E
774,0,3,male,9.021111715023741,0,0,7.225,C,Mr,1,unique,X
775,1,2,female,54.0,1,3,23.0,S,Mrs,5,unique,X
776,0,3,male,18.0,0,0,7.75,S,Mr,1,unique,X
777,0,3,male,8.916383443911776,0,0,7.75,Q,Mr,1,unique,F
778,1,3,female,5.0,0,0,12.475,S,Miss,1,share,X
779,0,3,male,8.916383443911776,0,0,7.7375,Q,Mr,1,unique,X
780,1,1,female,43.0,0,1,211.3375,S,Mrs,2,share,B
781,1,3,female,13.0,0,0,7.2292,C,Miss,1,unique,X
782,1,1,female,17.0,1,0,57.0,S,Mrs,2,share,B
783,0,1,male,29.0,0,0,30.0,S,Mr,1,unique,D
784,0,3,male,7.799751450086482,1,2,23.45,S,Mr,4,share,X
785,0,3,male,25.0,0,0,7.05,S,Mr,1,unique,X
786,0,3,male,25.0,0,0,7.25,S,Mr,1,unique,X
787,1,3,female,18.0,0,0,7.4958,S,Miss,1,unique,X
788,0,3,male,8.0,4,1,29.125,Q,Master,6,share,X
789,1,3,male,1.0,1,2,20.575,S,Master,4,share,X
790,0,1,male,46.0,0,0,79.2,C,Mr,1,share,B
791,0,3,male,8.916383443911776,0,0,7.75,Q,Mr,1,unique,X
792,0,2,male,16.0,0,0,26.0,S,Mr,1,share,X
793,0,3,female,4.982016632394263,8,2,69.55,S,Miss,11,share,X
794,0,1,male,10.907917050454703,0,0,30.6958,C,Mr,1,unique,X
795,0,3,male,25.0,0,0,7.8958,S,Mr,1,unique,X
796,0,2,male,39.0,0,0,13.0,S,Mr,1,unique,X
797,1,1,female,49.0,0,0,25.9292,S,Dr,1,unique,D
798,1,3,female,31.0,0,0,8.6833,S,Mrs,1,unique,X
799,0,3,male,30.0,0,0,7.2292,C,Mr,1,unique,X
800,0,3,female,30.0,1,1,24.15,S,Mrs,3,share,X
801,0,2,male,34.0,0,0,13.0,S,Mr,1,share,X
802,1,2,female,31.0,1,1,26.25,S,Mrs,3,share,X
803,1,1,male,11.0,1,2,120.0,S,Master,4,share,B
804,1,3,male,0.42,0,1,8.5167,C,Master,2,unique,X
805,1,3,male,27.0,0,0,6.975,S,Mr,1,unique,X
806,0,3,male,31.0,0,0,7.775,S,Mr,1,unique,X
807,0,1,male,39.0,0,0,0.0,S,Mr,1,unique,A
808,0,3,female,18.0,0,0,7.775,S,Miss,1,unique,X
809,0,2,male,39.0,0,0,13.0,S,Mr,1,unique,X
810,1,1,female,33.0,1,0,53.1,S,Mrs,2,share,E
811,0,3,male,26.0,0,0,7.8875,S,Mr,1,unique,X
812,0,3,male,39.0,0,0,24.15,S,Mr,1,share,X
813,0,2,male,35.0,0,0,10.5,S,Mr,1,unique,X
814,0,3,female,6.0,4,2,31.275,S,Miss,7,share,X
815,0,3,male,30.5,0,0,8.05,S,Mr,1,unique,X
816,0,1,male,10.271488220348138,0,0,0.0,S,Mr,1,unique,B
817,0,3,female,23.0,0,0,7.925,S,Miss,1,unique,X
818,0,2,male,31.0,1,1,37.0042,C,Mr,3,share,X
819,0,3,male,43.0,0,0,6.45,S,Mr,1,unique,X
820,0,3,male,10.0,3,2,27.9,S,Master,6,share,X
821,1,1,female,52.0,1,1,93.5,S,Mrs,3,share,B
822,1,3,male,27.0,0,0,8.6625,S,Mr,1,unique,X
823,0,1,male,38.0,0,0,0.0,S,Lady,1,unique,X
824,1,3,female,27.0,0,1,12.475,S,Mrs,2,share,E
825,0,3,male,2.0,4,1,39.6875,S,Master,6,share,X
826,0,3,male,8.950252860551341,0,0,6.95,Q,Mr,1,unique,X
827,0,3,male,9.12960111800025,0,0,56.4958,S,Mr,1,share,X
828,1,2,male,1.0,0,2,37.0042,C,Master,3,share,X
829,1,3,male,8.916383443911776,0,0,7.75,Q,Mr,1,unique,X
830,1,1,female,62.0,0,0,80.0,C,Mrs,1,share,B
831,1,3,female,15.0,1,0,14.4542,C,Mrs,2,share,X
832,1,2,male,0.83,1,1,18.75,S,Master,3,share,X
833,0,3,male,9.021111715023741,0,0,7.2292,C,Mr,1,unique,X
834,0,3,male,23.0,0,0,7.8542,S,Mr,1,unique,X
835,0,3,male,18.0,0,0,8.3,S,Mr,1,unique,X
836,1,1,female,39.0,1,1,83.1583,C,Miss,3,unique,E
837,0,3,male,21.0,0,0,8.6625,S,Mr,1,unique,X
838,0,3,male,9.05388702296441,0,0,8.05,S,Mr,1,unique,X
839,1,3,male,32.0,0,0,56.4958,S,Mr,1,share,X
840,1,1,male,10.877952455907836,0,0,29.7,C,Mr,1,unique,C
841,0,3,male,20.0,0,0,7.925,S,Mr,1,unique,X
842,0,2,male,16.0,0,0,10.5,S,Mr,1,share,X
843,1,1,female,30.0,0,0,31.0,C,Miss,1,share,X
844,0,3,male,34.5,0,0,6.4375,C,Mr,1,unique,X
845,0,3,male,17.0,0,0,8.6625,S,Mr,1,unique,X
846,0,3,male,42.0,0,0,7.55,S,Mr,1,unique,X
847,0,3,male,4.969622871492396,8,2,69.55,S,Mr,11,share,X
848,0,3,male,35.0,0,0,7.8958,C,Mr,1,unique,X
849,0,2,male,28.0,0,1,33.0,S,Rev,2,share,X
850,1,1,female,10.496413255029498,1,0,89.1042,C,Mrs,2,share,C
851,0,3,male,4.0,4,2,31.275,S,Master,7,share,X
852,0,3,male,74.0,0,0,7.775,S,Mr,1,unique,X
853,0,3,female,9.0,1,1,15.2458,C,Miss,3,share,X
854,1,1,female,16.0,0,1,39.4,S,Miss,2,unique,D
855,0,2,female,44.0,1,0,26.0,S,Mrs,2,share,X
856,1,3,female,18.0,0,1,9.35,S,Mrs,2,unique,X
857,1,1,female,45.0,1,1,164.8667,S,Mrs,3,share,X
858,1,1,male,51.0,0,0,26.55,S,Mr,1,unique,E
859,1,3,female,24.0,0,3,19.2583,C,Mrs,4,share,X
860,0,3,male,9.021111715023741,0,0,7.2292,C,Mr,1,unique,X
861,0,3,male,41.0,2,0,14.1083,S,Mr,3,unique,X
862,0,2,male,21.0,1,0,11.5,S,Mr,2,unique,X
863,1,1,female,48.0,0,0,25.9292,S,Mrs,1,unique,D
864,0,3,female,4.982016632394263,8,2,69.55,S,Miss,11,share,X
865,0,2,male,24.0,0,0,13.0,S,Mr,1,unique,X
866,1,2,female,42.0,0,0,13.0,S,Mrs,1,unique,X
867,1,2,female,27.0,1,0,13.8583,C,Miss,2,unique,X
868,0,1,male,31.0,0,0,50.4958,S,Mr,1,unique,A
869,0,3,male,9.06957937863312,0,0,9.5,S,Mr,1,unique,X
870,1,3,male,4.0,1,1,11.1333,S,Master,3,share,X
871,0,3,male,26.0,0,0,7.8958,S,Mr,1,unique,X
872,1,1,female,47.0,1,1,52.5542,S,Mrs,3,share,D
873,0,1,male,33.0,0,0,5.0,S,Mr,1,unique,B
874,0,3,male,47.0,0,0,9.0,S,Mr,1,unique,X
875,1,2,female,28.0,1,0,24.0,C,Mrs,2,share,X
876,1,3,female,15.0,0,0,7.225,C,Miss,1,unique,X
877,0,3,male,20.0,0,0,9.8458,S,Mr,1,share,X
878,0,3,male,19.0,0,0,7.8958,S,Mr,1,unique,X
879,0,3,male,9.039047928578592,0,0,7.8958,S,Mr,1,unique,X
880,1,1,female,56.0,0,1,83.1583,C,Mrs,2,share,C
881,1,2,female,25.0,0,1,26.0,S,Mrs,2,share,X
882,0,3,male,33.0,0,0,7.8958,S,Mr,1,unique,X
883,0,3,female,22.0,0,0,10.5167,S,Miss,1,unique,X
884,0,2,male,28.0,0,0,10.5,S,Mr,1,unique,X
885,0,3,male,25.0,0,0,7.05,S,Mr,1,unique,X
886,0,3,female,39.0,0,5,29.125,Q,Mrs,6,share,X
887,0,2,male,27.0,0,0,13.0,S,Rev,1,unique,X
888,1,1,female,19.0,0,0,30.0,S,Miss,1,unique,B
889,0,3,female,7.808369095202466,1,2,23.45,S,Miss,4,share,X
890,1,1,male,26.0,0,0,30.0,C,Mr,1,unique,C
891,0,3,male,32.0,0,0,7.75,Q,Mr,1,unique,X
